Ticker,Name,Exchange,Price,Price_currency,Shares,Reporting_Currency,Fx_rate,Dividend,Last_fy,TotalAssets,CurrentAssets,CurrentLiabilities,CurrentDebtAndCapitalLeaseObligation,CurrentCapitalLeaseObligation,LongTermDebtAndCapitalLeaseObligation,LongTermCapitalLeaseObligation,TotalEquityGrossMinorityInterest,MinorityInterest,CashAndCashEquivalents,OtherShortTermInvestments,InvestmentProperties,LongTermEquityInvestment,InvestmentinFinancialAssets,NetPPE,TotalRevenue,CostOfRevenue,SellingGeneralAndAdministration,InterestExpense,NetIncomeCommonStockholders
0018.HK,ORIENTAL E H,HKG,0.58,HKD,2397920000,HKD,1,0.0,1648684800000,1924173000.0,1181958000.0,110963000.0,7392000.0,0.0,0.0,0.0,1751411000.0,0.0,728133000.0,0.0,288676000.0,0.0,8820000.0,432643000.0,735782000.0,71499000.0,0.0,276000.0,166744000.0
0026.HK,CHINA MOTOR BUS,HKG,71.2,HKD,45308100,HKD,1,3.1675351648,1656547200000,7962093000.0,1495789000.0,43702000.0,0.0,0.0,0.0,0.0,7867159000.0,0.0,1491951000.0,1405278000.0,2364393000.0,3990683000.0,14618000.0,96610000.0,72983000.0,6362000.0,8850000.0,0.0,72347000.0
0029.HK,DYNAMIC HOLD,HKG,9.5,HKD,237704000,HKD,1,0.015001851,1656547200000,2685457000.0,346925000.0,234372000.0,94205000.0,2372000.0,1134000.0,1134000.0,2176204000.0,0.0,188107000.0,98374000.0,2005063000.0,91163000.0,0.0,5135000.0,86892000.0,24965000.0,43891000.0,1691000.0,31152000.0
0032.HK,CROSS-HAR(HOLD),HKG,10.9,HKD,372688000,HKD,1,0.4205099171,1640908800000,8021072000.0,3960174000.0,781796000.0,59903000.0,59903000.0,19820000.0,19820000.0,7217045000.0,0.0,2548129000.0,1310188000.0,0.0,579747000.0,3099484000.0,379600000.0,699666000.0,228776000.0,221518000.0,2672000.0,-49245000.0
0050.HK,HK FERRY (HOLD),HKG,8.25,HKD,356273984,HKD,1,0.0,1640908800000,6340123000.0,3193339000.0,223781000.0,8593000.0,8593000.0,13474000.0,13474000.0,6020562000.0,0.0,1541777000.0,0.0,2272505000.0,502167000.0,134632000.0,121116000.0,244197000.0,164622000.0,57409000.0,122000.0,118249000.0
0057.HK,CHEN HSONG HOLD,HKG,1.88,HKD,630531968,HKD,1,0.0,1648684800000,3962299000.0,2796891000.0,927516000.0,1113000.0,1113000.0,3520000.0,3520000.0,2950506000.0,0.0,574928000.0,0.0,322201000.0,24964000.0,0.0,613062000.0,2728763000.0,2081488000.0,443503000.0,1306000.0,213309000.0
0064.HK,GET NICE,HKG,0.155,HKD,9662709760,HKD,1,0.0,1648684800000,7597013000.0,6011563000.0,727173000.0,91695000.0,0.0,0.0,0.0,6865808000.0,0.0,2123910000.0,235278000.0,848160000.0,0.0,0.0,510497000.0,422772000.0,42447000.0,0.0,1753000.0,60185000.0
0071.HK,MIRAMAR HOTEL,HKG,12.3,HKD,690960000,HKD,1,0.0,1640908800000,21236438000.0,5798309000.0,727264000.0,31060000.0,31060000.0,33054000.0,33054000.0,20028097000.0,0.0,5428874000.0,60163000.0,15186262000.0,982000.0,26790000.0,204824000.0,1247025000.0,557767000.0,35832000.0,2235000.0,329958000.0
0088.HK,TAI CHEUNG HOLD,HKG,4.41,HKD,617531008,HKD,1,0.0,1648684800000,6871300000.0,6516500000.0,275700000.0,122900000.0,10500000.0,21600000.0,21600000.0,6569800000.0,0.0,1505300000.0,38400000.0,0.0,165800000.0,0.0,39300000.0,131900000.0,128900000.0,58500000.0,3100000.0,2900000.0
0093.HK,TERMBRAY IND,HKG,0.51,HKD,2667640064,HKD,1,0.0,1640908800000,1337771000.0,379591000.0,71506000.0,811000.0,811000.0,139000.0,139000.0,1116086000.0,0.0,202898000.0,149000.0,237490000.0,0.0,0.0,255850000.0,112435000.0,1598000.0,21903000.0,7195000.0,21267000.0
0102.HK,SUMMIT ASCENT,HKG,0.169,HKD,4509440000,HKD,1,0.0,1640908800000,3855556000.0,1017102000.0,65141000.0,1920000.0,1920000.0,176876000.0,5552000.0,3587112000.0,0.0,939335000.0,0.0,0.0,0.0,0.0,1146494000.0,265519000.0,10726000.0,45376000.0,9979000.0,-229988000.0
0105.HK,ASSO INT HOTELS,HKG,9,HKD,360000000,HKD,1,0.0,1648684800000,8664515000.0,669821000.0,233504000.0,0.0,0.0,201572000.0,1572000.0,8120721000.0,0.0,513718000.0,0.0,7941950000.0,0.0,0.0,52744000.0,301316000.0,89166000.0,38585000.0,2011000.0,-1120762000.0
0128.HK,ENM HOLDINGS,HKG,0.43,HKD,1650659968,HKD,1,0.0,1640908800000,1229841000.0,653071000.0,37433000.0,18722000.0,11841000.0,12725000.0,12725000.0,1179683000.0,0.0,31355000.0,573745000.0,52500000.0,0.0,74621000.0,449277000.0,109501000.0,40927000.0,98202000.0,2045000.0,-21280000.0
0133.HK,CHINA MERCHANTS,HKG,8.27,HKD,152332992,USD,7.813371266,0.08000001080000001,1640908800000,873476735.0,0.0,0.0,0.0,0.0,0.0,0.0,679578520.0,0.0,43512652.0,0.0,0.0,0.0,0.0,0.0,62995503.0,0.0,19974735.0,0.0,24205367.0
0156.HK,LIPPO CHINA RES,HKG,0.11,HKD,9186910208,HKD,1,0.0,1640908800000,4685439000.0,1248394000.0,964467000.0,691252000.0,46267000.0,443714000.0,90785000.0,3242825000.0,0.0,596193000.0,528847000.0,666450000.0,860440000.0,726139000.0,1147972000.0,648547000.0,316559000.0,392385000.0,30246000.0,48665000.0
0158.HK,MELBOURNE ENT,HKG,109,HKD,25000000,HKD,1,0.0,1664496000000,7657571000.0,253877000.0,49426000.0,0.0,0.0,0.0,0.0,7590977000.0,0.0,244429000.0,0.0,7282700000.0,0.0,89106000.0,55000.0,158707000.0,35858000.0,12440000.0,0.0,-127390000.0
0166.HK,NEWTIMES ENERGY,HKG,0.097,HKD,8808880128,HKD,1,0.0,1640908800000,1956468000.0,1130176000.0,200763000.0,9078000.0,9078000.0,24588000.0,24588000.0,1305535000.0,0.0,700046000.0,119317000.0,0.0,932000.0,4000.0,811400000.0,11167076000.0,11076418000.0,109849000.0,13927000.0,329401000.0
0189.HK,DONGYUE GROUP,HKG,8.87,HKD,2253690112,CNY,1.1307796824,0.0,1640908800000,23788086000.0,12137051000.0,6255279000.0,263456000.0,5156000.0,448458000.0,36158000.0,16662063000.0,0.0,5671472000.0,0.0,0.0,325895000.0,373374000.0,10755923000.0,15843947000.0,10626336000.0,1249715000.0,81606000.0,2074843000.0
0194.HK,LIU CHONG HING,HKG,7.25,HKD,378583008,HKD,1,0.4300008098,1640908800000,16135224000.0,3816848000.0,1456439000.0,868076000.0,3048000.0,1267204000.0,1130000.0,12990785000.0,0.0,1726506000.0,120681000.0,9471600000.0,683664000.0,287479000.0,1857219000.0,835165000.0,362268000.0,235496000.0,23521000.0,427302000.0
0195.HK,GREENTECH INTL,HKG,0.44,HKD,1366000000,HKD,1,0.0,1640908800000,1740971000.0,827763000.0,480432000.0,321273000.0,14792000.0,14062000.0,14062000.0,1037573000.0,0.0,394879000.0,48905000.0,0.0,0.0,0.0,891580000.0,5251919000.0,4805844000.0,42118000.0,18582000.0,349815000.0
0206.HK,CMIC OCEAN,HKG,0.245,HKD,3243429888,USD,7.813371266,0.0,1640908800000,227344000.0,147530000.0,78477000.0,6294000.0,6294000.0,2257000.0,2257000.0,146610000.0,0.0,18088000.0,0.0,1574000.0,51084000.0,319000.0,22320000.0,57027000.0,36363000.0,23689000.0,489000.0,9220000.0
0212.HK,NANYANG HOLD,HKG,27.25,HKD,34129200,HKD,1,1.4000035161,1640908800000,5635571000.0,582050000.0,74090000.0,3395000.0,3395000.0,5713000.0,5713000.0,5526079000.0,0.0,119884000.0,361699000.0,2483000000.0,94083000.0,2467106000.0,9332000.0,195501000.0,17031000.0,43383000.0,71000.0,190717000.0
0215.HK,HUTCHTEL HK,HKG,1.23,HKD,4819100160,HKD,1,0.27287251900000004,1640908800000,15131000000.0,4800000000.0,2036000000.0,310000000.0,310000000.0,150000000.0,150000000.0,10468000000.0,0.0,560000000.0,3199000000.0,0.0,185000000.0,0.0,3419000000.0,5385000000.0,3448000000.0,124000000.0,44000000.0,4000000.0
0232.HK,CON AERO TECH,HKG,0.09,HKD,9303369728,HKD,1,0.0,1640908800000,3823533000.0,1404290000.0,416768000.0,6692000.0,6692000.0,304907000.0,304907000.0,2829006000.0,0.0,740759000.0,0.0,0.0,17811000.0,2352000.0,870947000.0,1416409000.0,1068000000.0,395644000.0,14560000.0,-55972000.0
0235.HK,CSC HOLDINGS,HKG,0.036000000000000004,HKD,20385300480,HKD,1,0.0,1640908800000,2330956000.0,2256071000.0,38261000.0,7431000.0,7431000.0,3800000.0,3800000.0,2288895000.0,0.0,884870000.0,22399000.0,0.0,0.0,27032000.0,24974000.0,423994000.0,315589000.0,0.0,18266000.0,-3583297000.0
0237.HK,SAFETY GODOWN,HKG,2.45,HKD,405000000,HKD,1,0.0,1648684800000,4023621000.0,943054000.0,52241000.0,0.0,0.0,0.0,0.0,3869092000.0,0.0,16324000.0,898070000.0,2847200000.0,0.0,0.0,233367000.0,122850000.0,0.0,0.0,0.0,-84538000.0
0255.HK,LUNG KEE,HKG,2.74,HKD,631676992,HKD,1,0.0,1640908800000,2513225000.0,1481181000.0,283480000.0,2018000.0,2018000.0,4683000.0,4683000.0,2104484000.0,0.0,603565000.0,0.0,170500000.0,0.0,0.0,847332000.0,2273399000.0,1125187000.0,19400000.0,455000.0,227841000.0
0265.HK,OV SERVICES,HKG,0.06,HKD,12922099712,HKD,1,0.0,1640908800000,859344000.0,578904000.0,172087000.0,8595000.0,8595000.0,53074000.0,53074000.0,619966000.0,0.0,294877000.0,0.0,87952000.0,31373000.0,0.0,131675000.0,142272000.0,103496000.0,64112000.0,1790000.0,-22545000.0
0266.HK,TIAN TECK LAND,HKG,3.51,HKD,474732000,HKD,1,0.0,1648684800000,9060385000.0,726612000.0,244423000.0,0.0,0.0,200000000.0,0.0,8504222000.0,0.0,569132000.0,0.0,8280991000.0,0.0,0.0,52782000.0,310348000.0,91069000.0,41988000.0,2011000.0,-554024000.0
0271.HK,ASIASEC PPT,HKG,0.355,HKD,1240669952,HKD,1,0.0,1640908800000,1785674000.0,301990000.0,23185000.0,0.0,0.0,0.0,0.0,1598549000.0,0.0,129113000.0,36532000.0,1324336000.0,0.0,75987000.0,1168000.0,36666000.0,0.0,6948000.0,0.0,-1563052000.0
0273.HK,MASON GP HOLD,HKG,0.03,HKD,44364898304,HKD,1,0.0,1640908800000,4526109000.0,0.0,0.0,0.0,0.0,27601000.0,0.0,4196489000.0,0.0,1602228000.0,0.0,0.0,322648000.0,0.0,221503000.0,2542000.0,0.0,172056000.0,5811000.0,-733623000.0
0278.HK,WAH HA REALTY,HKG,4.4,HKD,120960000,HKD,1,0.0,1648684800000,1355495508.0,318846520.0,121749626.0,0.0,0.0,0.0,0.0,1232759003.0,0.0,277317303.0,994330.0,213200000.0,816861758.0,0.0,0.0,7812695.0,1505363.0,749100.0,0.0,38980362.0
0289.HK,WING ON CO,HKG,14.82,HKD,290931008,HKD,1,0.0,1640908800000,20136961000.0,4015164000.0,388225000.0,36809000.0,20663000.0,10630000.0,10630000.0,18846267000.0,0.0,2259409000.0,1598731000.0,15311255000.0,354847000.0,0.0,320218000.0,1129277000.0,390922000.0,0.0,2070000.0,552495000.0
0296.HK,EMPEROR E HOTEL,HKG,0.6000000000000001,HKD,1188489984,HKD,1,0.0,1648684800000,4795756000.0,548311000.0,279814000.0,367000.0,367000.0,25766000.0,25766000.0,4446382000.0,0.0,404523000.0,32740000.0,1455400000.0,0.0,0.0,2792045000.0,415894000.0,499161000.0,249085000.0,1640000.0,-528317000.0
0298.HK,CHUANG'S CHINA,HKG,0.26,HKD,2347040000,HKD,1,0.07502684230000001,1648684800000,5988967000.0,3597774000.0,982130000.0,716402000.0,0.0,705531000.0,0.0,3966280000.0,0.0,1851821000.0,236797000.0,1387903000.0,307625000.0,150284000.0,38268000.0,204540000.0,70315000.0,162633000.0,32211000.0,227757000.0
0302.HK,CMGE,HKG,1.87,HKD,2752669952,CNY,1.1307796824,0.07765042800000001,1640908800000,7747617000.0,2855534000.0,1808413000.0,820240000.0,20522000.0,21067000.0,21067000.0,5851985000.0,0.0,446177000.0,0.0,0.0,229362000.0,2099127000.0,49304000.0,3956570000.0,2483080000.0,549858000.0,24292000.0,611770000.0
0321.HK,TEXWINCA HOLD,HKG,1.3,HKD,1381699968,HKD,1,0.0,1648684800000,7188899000.0,4798219000.0,1621637000.0,422741000.0,169658000.0,354427000.0,354427000.0,5110298000.0,0.0,615277000.0,880056000.0,532077000.0,0.0,53819000.0,1629036000.0,8043172000.0,5714222000.0,2062945000.0,34345000.0,191064000.0
0335.HK,UPBEST GROUP,HKG,0.61,HKD,2682319872,HKD,1,0.0,1648684800000,3236799000.0,1473513000.0,539323000.0,223472000.0,0.0,0.0,0.0,2697476000.0,0.0,467390000.0,0.0,1622100000.0,50566000.0,0.0,959000.0,127011000.0,0.0,26409000.0,3695000.0,87036000.0
0336.HK,HUABAO INTL,HKG,4.13,HKD,3229929984,CNY,1.1307796824,0.0,1640908800000,17102003000.0,8328642000.0,1429199000.0,531261000.0,24252000.0,22511000.0,22511000.0,15382712000.0,0.0,4062331000.0,1902210000.0,0.0,851373000.0,220030000.0,2283160000.0,3882683000.0,1586021000.0,1133907000.0,81468000.0,675131000.0
0366.HK,LUKS GROUP (VN),HKG,1.16,HKD,502556992,HKD,1,0.0,1640908800000,2999498000.0,590306000.0,231205000.0,84844000.0,0.0,0.0,0.0,2524732000.0,0.0,450848000.0,5251000.0,1417923000.0,0.0,0.0,970197000.0,513230000.0,359257000.0,69331000.0,2872000.0,84669000.0
0393.HK,GLORIOUS SUN,HKG,0.75,HKD,1527980032,HKD,1,0.0607363958,1640908800000,3145019000.0,2820242000.0,676072000.0,27958000.0,0.0,0.0,0.0,2451030000.0,0.0,2059071000.0,141678000.0,0.0,0.0,280820000.0,0.0,997841000.0,831594000.0,101191000.0,2492000.0,36996000.0
0398.HK,ORIENTAL WATCH,HKG,4.24,HKD,487358016,HKD,1,0.7068807503,1648684800000,2911923000.0,2101796000.0,717676000.0,128618000.0,128618000.0,287985000.0,287985000.0,1881196000.0,0.0,1360144000.0,11974000.0,0.0,121644000.0,13502000.0,670929000.0,3639774000.0,2459489000.0,748422000.0,12033000.0,362574000.0
0411.HK,LAM SOON (HK),HKG,10.6,HKD,243354000,HKD,1,0.0,1656547200000,3800961000.0,2825784000.0,827785000.0,3177000.0,3177000.0,1239000.0,1239000.0,2959124000.0,0.0,1541454000.0,0.0,0.0,0.0,118778000.0,846003000.0,6106635000.0,4963246000.0,897855000.0,296000.0,257260000.0
0420.HK,FOUNTAIN SET,HKG,0.96,HKD,1225030016,HKD,1,0.06999991750000001,1640908800000,5722115000.0,4023556000.0,1626721000.0,502072000.0,27976000.0,378755000.0,133596000.0,3634517000.0,0.0,793690000.0,333375000.0,77511000.0,23643000.0,0.0,1521472000.0,6751277000.0,5871738000.0,599746000.0,15225000.0,241334000.0
0423.HK,HKET HOLDINGS,HKG,1.12,HKD,431600000,HKD,1,0.0,1648684800000,1199618000.0,680072000.0,259170000.0,9904000.0,9904000.0,4932000.0,4932000.0,912421000.0,0.0,191849000.0,215607000.0,42563000.0,0.0,0.0,453693000.0,1043595000.0,581786000.0,410236000.0,211000.0,33017000.0
0439.HK,KUANGCHI,HKG,0.115,HKD,6156930048,HKD,1,0.0,1640908800000,2120039000.0,341711000.0,139723000.0,23972000.0,544000.0,135223000.0,87000.0,1715780000.0,0.0,213048000.0,6077000.0,122557000.0,0.0,1138607000.0,516851000.0,113972000.0,72242000.0,84132000.0,207000.0,-40608000.0
0450.HK,HUNG HING PRINT,HKG,0.99,HKD,907865024,HKD,1,0.14000098760000002,1640908800000,4234383000.0,2701730000.0,768064000.0,248162000.0,7901000.0,1563000.0,1563000.0,3200702000.0,0.0,813431000.0,139478000.0,0.0,21308000.0,59244000.0,1380781000.0,3528869000.0,3050683000.0,469423000.0,2930000.0,51953000.0
0468.HK,GAPACK,HKG,1.71,HKD,1336630016,CNY,1.1307796824,0.0,1640908800000,3833675000.0,2452867000.0,1272978000.0,311809000.0,10250000.0,10472000.0,8720000.0,2469314000.0,0.0,585114000.0,0.0,0.0,0.0,0.0,1185540000.0,3464333000.0,2766669000.0,405217000.0,3242000.0,285072000.0
0472.HK,NEW SILKROAD,HKG,0.185,HKD,3207589888,HKD,1,0.0,1640908800000,2267390000.0,1206981000.0,201158000.0,26613000.0,10835000.0,103316000.0,44723000.0,1930663000.0,0.0,541098000.0,0.0,0.0,0.0,0.0,911257000.0,2601733000.0,2049863000.0,176870000.0,29796000.0,61864000.0
0517.HK,COSCO SHIP INTL,HKG,2.5,HKD,1481689984,HKD,1,0.0,1640908800000,9582094000.0,8252433000.0,1191600000.0,9618000.0,9618000.0,6715000.0,6715000.0,8320892000.0,0.0,6035362000.0,0.0,158151000.0,683379000.0,59118000.0,282789000.0,4533549000.0,4060000000.0,309109000.0,3215000.0,288341000.0
0533.HK,GOLDLION HOLD,HKG,1.4,HKD,978435968,HKD,1,0.1053957575,1640908800000,5604612000.0,2462741000.0,627161000.0,15284000.0,15284000.0,14547000.0,14547000.0,4510835000.0,0.0,465547000.0,784379000.0,2852017000.0,0.0,6662000.0,235710000.0,1372184000.0,503857000.0,600702000.0,1001000.0,221043000.0
0538.HK,AJISEN (CHINA),HKG,0.81,HKD,1091539968,CNY,1.1307796824,0.0,1640908800000,4128741000.0,1802654000.0,652742000.0,283295000.0,239758000.0,356032000.0,320707000.0,2927090000.0,0.0,1528194000.0,0.0,1018457000.0,52165000.0,155733000.0,956766000.0,1996209000.0,1079882000.0,0.0,29960000.0,20940000.0
0543.HK,PACIFIC ONLINE,HKG,0.81,HKD,1135600000,CNY,1.1307796824,0.1315339908,1640908800000,1188422000.0,831440000.0,345112000.0,479000.0,479000.0,108000.0,108000.0,843202000.0,0.0,392203000.0,0.0,52784000.0,0.0,41372000.0,192386000.0,852153000.0,452785000.0,289293000.0,44000.0,49920000.0
0556.HK,PAN ASIA ENVIRO,HKG,0.63,HKD,840000000,CNY,1.1307796824,0.0,1640908800000,1247021000.0,1245859000.0,103140000.0,28240000.0,737000.0,20252000.0,0.0,1123629000.0,0.0,1199105000.0,0.0,0.0,0.0,0.0,1162000.0,38158000.0,35210000.0,17682000.0,2869000.0,8300000.0
0560.HK,CHU KONG SHIP,HKG,1.1,HKD,1121170048,HKD,1,0.0199996424,1640908800000,4748931000.0,1551622000.0,916466000.0,297101000.0,28661000.0,223607000.0,59061000.0,3506457000.0,0.0,1038263000.0,0.0,49038000.0,420175000.0,1743000.0,2131353000.0,2268408000.0,2007156000.0,301035000.0,11508000.0,44074000.0
0580.HK,SUN.KING TECH,HKG,1.7000000000000002,HKD,1630329984,CNY,1.1307796824,0.0,1640908800000,2394504000.0,1655937000.0,431608000.0,103194000.0,2642000.0,109812000.0,9812000.0,1786274000.0,0.0,547135000.0,105270000.0,0.0,11404000.0,0.0,596669000.0,930992000.0,647178000.0,177048000.0,10338000.0,15459000.0
0606.HK,SCE CM,HKG,1.9100000000000001,HKD,2075000064,CNY,1.1307796824,0.0458361432,1640908800000,3132392000.0,3077529000.0,625484000.0,0.0,0.0,2741000.0,2741000.0,2503972000.0,0.0,2927665000.0,0.0,512000.0,1768000.0,0.0,34940000.0,1230050000.0,649181000.0,220857000.0,560000.0,280609000.0
0609.HK,TIANDE CHEMICAL,HKG,2.18,HKD,869417984,CNY,1.1307796824,0.0,1640908800000,2796464000.0,1516702000.0,602987000.0,85320000.0,0.0,0.0,0.0,2165288000.0,0.0,360936000.0,0.0,21600000.0,0.0,0.0,1240852000.0,2584731000.0,1806861000.0,242303000.0,6450000.0,379647000.0
0610.HK,WAI KEE HOLD,HKG,2.18,HKD,793123968,HKD,1,0.30999945770000004,1640908800000,17658247000.0,6480174000.0,5062759000.0,536881000.0,34185000.0,1290469000.0,16930000.0,11259761000.0,0.0,2096920000.0,648128000.0,0.0,9834244000.0,290005000.0,611860000.0,10276850000.0,9374569000.0,552706000.0,64720000.0,676165000.0
0622.HK,OSHIDORI,HKG,0.275,HKD,6109259776,HKD,1,0.0,1640908800000,5884231000.0,2205386000.0,467973000.0,231155000.0,5224000.0,1634000.0,1634000.0,5414347000.0,0.0,577585000.0,496396000.0,102750000.0,55216000.0,3336101000.0,161981000.0,-3101855000.0,29202000.0,16647000.0,26793000.0,-3145728000.0
0635.HK,PLAYMATES,HKG,0.58,HKD,2073490048,HKD,1,0.0755971798,1640908800000,7322105000.0,1796703000.0,840654000.0,555493000.0,3493000.0,204091000.0,12016000.0,6236533000.0,0.0,1460914000.0,135062000.0,5299543000.0,0.0,0.0,177362000.0,860763000.0,336883000.0,305927000.0,11752000.0,-49430000.0
0639.HK,SHOUGANG RES,HKG,2.52,HKD,5051840000,HKD,1,0.0,1640908800000,25702678000.0,11995491000.0,5267313000.0,9507000.0,9507000.0,24959000.0,24959000.0,18816160000.0,0.0,5865117000.0,1790306000.0,0.0,10704000.0,741425000.0,11208102000.0,7075818000.0,2681244000.0,477644000.0,1275000.0,2538495000.0
0662.HK,ASIA FINANCIAL,HKG,3.55,HKD,936537984,HKD,1,0.1106148408,1640908800000,15101235000.0,0.0,0.0,0.0,0.0,0.0,0.0,10063818000.0,0.0,2676909000.0,5061871000.0,0.0,1419126000.0,0.0,185498000.0,1759286000.0,0.0,0.0,85000.0,665428000.0
0677.HK,GOLDEN RES DEV,HKG,0.52,HKD,1697410048,HKD,1,0.0,1648684800000,1937405000.0,1096643000.0,455451000.0,145991000.0,112762000.0,253733000.0,247765000.0,1226730000.0,0.0,594132000.0,118762000.0,168740000.0,42028000.0,15677000.0,553864000.0,1774233000.0,1136338000.0,625861000.0,30530000.0,18697000.0
0687.HK,TYSAN HOLDINGS,HKG,0.32,HKD,3366040064,HKD,1,0.0,1640908800000,1918941000.0,1630365000.0,479283000.0,13833000.0,9401000.0,59697000.0,8945000.0,1365702000.0,0.0,596700000.0,0.0,0.0,0.0,0.0,279804000.0,2204085000.0,2121639000.0,91140000.0,1400000.0,-107000.0
0697.HK,SHOUCHENG,HKG,1.92,HKD,7275939840,HKD,1,0.0,1640908800000,14779798000.0,6479593000.0,1972480000.0,672819000.0,93311000.0,1954184000.0,1467653000.0,10746578000.0,0.0,4228657000.0,1311168000.0,270919000.0,981845000.0,0.0,2163596000.0,1195031000.0,647828000.0,343154000.0,74343000.0,-1095327000.0
0701.HK,CNT GROUP,HKG,0.37,HKD,1903689984,HKD,1,0.0,1640908800000,2218291000.0,922196000.0,631030000.0,287631000.0,2602000.0,5430000.0,5430000.0,1548329000.0,0.0,338443000.0,4449000.0,611928000.0,1927000.0,47987000.0,610665000.0,881020000.0,684888000.0,238845000.0,5692000.0,-20633000.0
0709.HK,GIORDANO INT'L,HKG,1.72,HKD,1578620032,HKD,1,0.0,1640908800000,3924000000.0,1875000000.0,1046000000.0,389000000.0,344000000.0,299000000.0,299000000.0,2471000000.0,0.0,955000000.0,0.0,20000000.0,468000000.0,31000000.0,835000000.0,3380000000.0,1450000000.0,1641000000.0,29000000.0,190000000.0
0716.HK,SINGAMAS CONT,HKG,0.74,HKD,2382210048,USD,7.813371266,0.0091368937,1640908800000,904533000.0,674155000.0,223027000.0,2283000.0,2283000.0,4334000.0,4334000.0,659550000.0,0.0,374347000.0,0.0,36697000.0,22698000.0,22982000.0,125619000.0,1151764000.0,707645000.0,2593000.0,928000.0,186802000.0
0721.HK,C FIN INT INV,HKG,0.036000000000000004,HKD,10971599872,HKD,1,0.0,1656547200000,606258000.0,95188000.0,33469000.0,10413000.0,416000.0,0.0,0.0,572789000.0,0.0,39600000.0,45803000.0,0.0,705000.0,510365000.0,0.0,2234000.0,0.0,15647000.0,745000.0,-215195000.0
0730.HK,CAPITAL IND FIN,HKG,0.129,HKD,3984640000,HKD,1,0.0,1640908800000,2329468000.0,1891891000.0,458501000.0,287201000.0,3955000.0,31740000.0,11151000.0,1828190000.0,0.0,459404000.0,0.0,143600000.0,88126000.0,3394000.0,15498000.0,1898003000.0,1792903000.0,63718000.0,3530000.0,27294000.0
0743.HK,ASIA CEMENT CH,HKG,3.8200000000000003,HKD,1566850048,CNY,1.1307796824,0.0,1640908800000,21615089000.0,11373456000.0,3308149000.0,1304044000.0,7649000.0,907335000.0,90321000.0,17290933000.0,0.0,8793260000.0,113824000.0,133942000.0,872853000.0,0.0,8500939000.0,11755908000.0,8075943000.0,762423000.0,51915000.0,1768307000.0
0769.HK,CHINA RAREEARTH,HKG,0.495,HKD,2341700096,HKD,1,0.0,1640908800000,2927450000.0,2638661000.0,147704000.0,362000.0,362000.0,1208000.0,1208000.0,2778538000.0,0.0,1599210000.0,0.0,0.0,0.0,0.0,281858000.0,1212471000.0,1126488000.0,57701000.0,455000.0,24274000.0
0777.HK,NETDRAGON,HKG,17.48,HKD,540744000,CNY,1.1307796824,0.0,1640908800000,10773368000.0,6664168000.0,2663096000.0,520248000.0,61513000.0,1263600000.0,69519000.0,6750708000.0,0.0,3701808000.0,201414000.0,79757000.0,41345000.0,396964000.0,2328583000.0,7035496000.0,2512930000.0,3070394000.0,185896000.0,1062060000.0
0799.HK,IGG,HKG,2.96,HKD,1197159936,HKD,1,0.6669618453,1640908800000,3953659000.0,2148428000.0,794782000.0,63642000.0,63642000.0,39696000.0,39696000.0,3113180000.0,0.0,1670418000.0,5267000.0,0.0,354561000.0,559588000.0,532319000.0,6050894000.0,1852808000.0,2400958000.0,5976000.0,370438000.0
0800.HK,A8 NEW MEDIA,HKG,0.305,HKD,2740389888,CNY,1.1307796824,0.0,1640908800000,1707910000.0,591725000.0,60903000.0,0.0,0.0,0.0,0.0,1538201000.0,0.0,490075000.0,91800000.0,413000000.0,307578000.0,266072000.0,128567000.0,87863000.0,22148000.0,34118000.0,690000.0,58025000.0
0806.HK,VALUE PARTNERS,HKG,3.11,HKD,1826710016,HKD,1,0.3452808571,1640908800000,4932288000.0,2002346000.0,182527000.0,19158000.0,19158000.0,96197000.0,19122000.0,4649215000.0,0.0,1603645000.0,198277000.0,193495000.0,654635000.0,1838549000.0,218589000.0,1281649000.0,915778000.0,38420000.0,3968000.0,457813000.0
0829.HK,SHENGUAN HLDGS,HKG,0.335,HKD,3230479872,CNY,1.1307796824,0.0,1640908800000,3358034000.0,1807603000.0,821198000.0,531212000.0,3871000.0,3750000.0,3750000.0,2504817000.0,0.0,866532000.0,0.0,17017000.0,24889000.0,0.0,1138485000.0,1168099000.0,857608000.0,194284000.0,5335000.0,122652000.0
0837.HK,CARPENTER TAN,HKG,3.45,HKD,248714000,CNY,1.1307796824,0.0,1640908800000,785363000.0,542946000.0,77180000.0,2039000.0,2039000.0,10969000.0,10969000.0,672304000.0,0.0,41322000.0,270330000.0,99140000.0,0.0,0.0,124539000.0,330910000.0,131120000.0,102436000.0,334000.0,107663000.0
0869.HK,PLAYMATES TOYS,HKG,0.56,HKD,1180000000,HKD,1,0.0,1640908800000,1215893000.0,1156948000.0,233691000.0,6104000.0,6104000.0,12016000.0,12016000.0,970186000.0,0.0,912244000.0,60505000.0,0.0,0.0,0.0,17476000.0,625108000.0,321584000.0,265767000.0,1348000.0,42981000.0
0882.HK,TIANJIN DEV,HKG,1.58,HKD,1072769984,HKD,1,0.0,1640908800000,22694823000.0,10676665000.0,5447557000.0,2292378000.0,894000.0,7873000.0,7873000.0,17066244000.0,0.0,4594562000.0,3796567000.0,267203000.0,7136757000.0,1395790000.0,2527038000.0,3540957000.0,2525599000.0,1000578000.0,48977000.0,470379000.0
0887.HK,EMPEROR WATCH&J,HKG,0.189,HKD,6779460096,HKD,1,0.0,1640908800000,5327157000.0,3380094000.0,429100000.0,227086000.0,190654000.0,129998000.0,129998000.0,4765054000.0,0.0,609015000.0,0.0,0.0,0.0,0.0,1851925000.0,3926608000.0,2697103000.0,954115000.0,16378000.0,204695000.0
0929.HK,IPE GROUP,HKG,0.59,HKD,1052249984,HKD,1,0.0,1640908800000,2469098000.0,1578338000.0,268269000.0,50000000.0,0.0,170000000.0,0.0,2001709000.0,0.0,854301000.0,9534000.0,136620000.0,3124000.0,0.0,706879000.0,1030808000.0,763995000.0,172592000.0,2972000.0,81432000.0
0934.HK,SINOPEC KANTONS,HKG,2.86,HKD,2486159872,HKD,1,0.0,1640908800000,15888761000.0,6165481000.0,470729000.0,6967000.0,6967000.0,10877000.0,10877000.0,15230508000.0,0.0,5283170000.0,0.0,17956000.0,7733299000.0,0.0,1971215000.0,636517000.0,353253000.0,153791000.0,1147000.0,1050396000.0
1022.HK,FEIYU,HKG,0.34,HKD,1718829952,CNY,1.1307796824,0.0,1640908800000,633788000.0,183772000.0,63155000.0,13723000.0,3723000.0,68383000.0,3383000.0,483137000.0,0.0,107771000.0,0.0,158989000.0,10403000.0,148169000.0,100903000.0,104788000.0,34859000.0,64007000.0,3534000.0,-78103000.0
1028.HK,C.BANNER,HKG,0.16,HKD,2076999936,CNY,1.1307796824,0.0,1640908800000,1747164000.0,1396666000.0,334779000.0,21225000.0,21225000.0,33807000.0,33807000.0,1378578000.0,0.0,455426000.0,0.0,0.0,7056000.0,0.0,238465000.0,1629120000.0,685834000.0,947577000.0,2840000.0,28790000.0
1045.HK,APT SATELLITE,HKG,2.15,HKD,928572992,HKD,1,0.0,1640908800000,7212357000.0,1685521000.0,254930000.0,43530000.0,43530000.0,148950000.0,148950000.0,6042508000.0,0.0,291930000.0,1083738000.0,9676000.0,751263000.0,0.0,4383944000.0,927807000.0,481411000.0,120336000.0,6189000.0,263382000.0
1051.HK,G-RESOURCES,HKG,2.22,HKD,450814016,USD,7.813371266,0.0,1640908800000,1620070000.0,985501000.0,59937000.0,88000.0,88000.0,0.0,0.0,1559845000.0,0.0,865514000.0,72330000.0,64264000.0,0.0,519818000.0,29811000.0,63165000.0,0.0,11148000.0,6000.0,69878000.0
1057.HK,ZHEJIANG SHIBAO,HKG,1.63,HKD,216784992,CNY,1.1307796824,0.0,1640908800000,2174823476.47,1202932285.0,761423017.2,129099756.94,0.0,18789605.75,0.0,1362758223.71,0.0,172334265.6,114648534.75,193682560.46,0.0,0.0,672272461.35,1177915845.96,924548913.88,80019601.76,4887365.76,34156323.88
1060.HK,ALI PICTURES,HKG,0.63,HKD,26975700992,CNY,1.1307796824,0.0,1648684800000,16080751000.0,8400672000.0,1494773000.0,23669000.0,23669000.0,134397000.0,134397000.0,14395650000.0,0.0,3829802000.0,7500000.0,20819000.0,1619997000.0,1404627000.0,159357000.0,3652170000.0,2157025000.0,1490045000.0,12703000.0,169853000.0
1104.HK,APAC RESOURCES,HKG,1.1400000000000001,HKD,1302130048,HKD,1,0.1999992247,1656547200000,4471917000.0,2085188000.0,399402000.0,291716000.0,2099000.0,1050000.0,1050000.0,4050231000.0,0.0,449069000.0,1320936000.0,0.0,1714005000.0,330724000.0,4172000.0,348678000.0,267583000.0,62278000.0,4244000.0,-465994000.0
1122.HK,QINGLING MOTORS,HKG,1.03,HKD,1238649984,CNY,1.1307796824,0.0,1640908800000,10306001000.0,7230117000.0,2471656000.0,13399000.0,13399000.0,0.0,0.0,7828756000.0,0.0,1294668000.0,3123347000.0,19095000.0,533679000.0,0.0,1154511000.0,4828237000.0,4273893000.0,477265000.0,1374000.0,322080000.0
1126.HK,DREAM INT'L,HKG,2.62,HKD,676865024,HKD,1,0.1200002912,1640908800000,4586988000.0,3057858000.0,1737059000.0,437337000.0,25011000.0,33342000.0,33342000.0,2808949000.0,0.0,343034000.0,198722000.0,4151000.0,11247000.0,3255000.0,1421970000.0,4799785000.0,4185069000.0,385079000.0,10455000.0,193562000.0
1127.HK,LION ROCK GROUP,HKG,0.9400000000000001,HKD,770000000,HKD,1,0.07692597400000001,1640908800000,2759710000.0,1798925000.0,1041713000.0,366205000.0,34692000.0,76901000.0,56785000.0,1604086000.0,0.0,580157000.0,0.0,0.0,0.0,12598000.0,331316000.0,1737616000.0,1290531000.0,318344000.0,8524000.0,132491000.0
1140.HK,WEALTHKING INV,HKG,0.395,HKD,9630900224,HKD,1,0.0,1648684800000,11159248000.0,0.0,0.0,0.0,0.0,1440403000.0,0.0,9661968000.0,0.0,27531000.0,0.0,0.0,975951000.0,0.0,12668000.0,266636000.0,0.0,49476000.0,34563000.0,221273000.0
1170.HK,KINGMAKER,HKG,1,HKD,680598976,HKD,1,0.0,1648684800000,1607743000.0,818584000.0,322902000.0,15171000.0,997000.0,2015000.0,2015000.0,1178542000.0,0.0,311060000.0,0.0,474050000.0,81463000.0,0.0,231826000.0,842687000.0,817488000.0,100176000.0,30000.0,-18035000.0
1203.HK,GUANGNAN (HOLD),HKG,0.65,HKD,907593024,HKD,1,0.0,1640908800000,4245357000.0,2415873000.0,1313715000.0,260729000.0,4076000.0,121796000.0,8949000.0,2765177000.0,0.0,756550000.0,0.0,283384000.0,296764000.0,0.0,1247921000.0,4855567000.0,4392114000.0,329912000.0,704000.0,54062000.0
1221.HK,SINO HOTELS,HKG,1.85,HKD,1142659968,HKD,1,0.0,1656547200000,4206341713.0,855392776.0,14718530.0,0.0,0.0,0.0,0.0,4191623183.0,0.0,839030400.0,0.0,0.0,965192773.0,993453206.0,1212057396.0,128809067.0,56246614.0,20545445.0,19355.0,-92418031.0
1230.HK,YASHILI INT'L,HKG,1.1400000000000001,HKD,4745560064,CNY,1.1307796824,0.0,1640908800000,6871756000.0,3384776000.0,1405692000.0,419521000.0,8677000.0,107454000.0,7454000.0,5325323000.0,0.0,1131603000.0,388074000.0,61891000.0,0.0,0.0,1566542000.0,4434700000.0,2974679000.0,1386120000.0,21181000.0,-81363000.0
1234.HK,CHINA LILANG,HKG,3.89,HKD,1197479936,CNY,1.1307796824,0.3728446603,1640908800000,5520907000.0,3312446000.0,1488090000.0,561534000.0,98373000.0,238360000.0,54860000.0,3776768000.0,0.0,1681172000.0,0.0,117059000.0,0.0,100000000.0,1684374000.0,3379480000.0,1964475000.0,966646000.0,9743000.0,468127000.0
1265.HK,TIANJINJINRAN,HKG,0.35000000000000003,HKD,500060000,CNY,1.1307796824,0.0,1640908800000,2200050506.17,1210722321.96,425160299.6,0.0,0.0,0.0,0.0,1668928909.8,0.0,837901149.94,0.0,0.0,53285238.27,0.0,884908734.89,1579769604.57,1568338292.05,33760441.27,0.0,1431633.17
1277.HK,KINETIC DEV,HKG,0.58,HKD,8430000128,CNY,1.1307796824,0.0,1640908800000,9473642000.0,2722137000.0,2467428000.0,513655000.0,15081000.0,816555000.0,83555000.0,5456882000.0,0.0,1438693000.0,207897000.0,0.0,99949000.0,0.0,1560083000.0,5580702000.0,1976544000.0,199351000.0,11959000.0,2468626000.0
1278.HK,CHINANEWTOWN,HKG,0.067,HKD,9726249984,CNY,1.1307796824,0.0,1640908800000,6638908000.0,3102501000.0,1275655000.0,494172000.0,7129000.0,650534000.0,5154000.0,4601667000.0,0.0,349517000.0,1172684000.0,1475487000.0,404067000.0,1631409000.0,19308000.0,187925000.0,63399000.0,115755000.0,50961000.0,108583000.0
1301.HK,D&G TECH,HKG,1.31,HKD,639408000,CNY,1.1307796824,0.0,1640908800000,926420000.0,723830000.0,259120000.0,12815000.0,1263000.0,1699000.0,1699000.0,661101000.0,0.0,182508000.0,0.0,0.0,59741000.0,19255000.0,111787000.0,429203000.0,288782000.0,152134000.0,1225000.0,10663000.0
1303.HK,HUILI RES,HKG,0.29,HKD,1620000000,CNY,1.1307796824,0.0,1640908800000,628904000.0,366000000.0,180817000.0,1321000.0,1321000.0,2539000.0,2539000.0,410739000.0,0.0,145597000.0,24888000.0,0.0,0.0,9890000.0,246715000.0,1470396000.0,1459741000.0,21002000.0,173000.0,-16685000.0
1316.HK,NEXTEER,HKG,5.29,HKD,2509819904,USD,7.813371266,0.0,1640908800000,3218834000.0,1410003000.0,961042000.0,66319000.0,11425000.0,98214000.0,46341000.0,1924835000.0,0.0,317449000.0,0.0,0.0,22862000.0,0.0,1005684000.0,3358725000.0,2995296000.0,149053000.0,3325000.0,118440000.0
1328.HK,GOLDSTREAM INV,HKG,0.049,HKD,11495499776,HKD,1,0.0,1640908800000,837684000.0,526253000.0,88249000.0,239000.0,239000.0,0.0,0.0,747327000.0,0.0,118621000.0,212540000.0,0.0,62503000.0,36088000.0,555000.0,75343000.0,0.0,10309000.0,6233000.0,-67729000.0
1357.HK,MEITU,HKG,1.51,HKD,4442650112,CNY,1.1307796824,0.0,1640908800000,4449398000.0,2323982000.0,970283000.0,26295000.0,16295000.0,15736000.0,15736000.0,3357773000.0,0.0,793065000.0,227428000.0,0.0,116785000.0,712210000.0,450133000.0,1666029000.0,540942000.0,655973000.0,8659000.0,-44514000.0
1361.HK,361 DEGREES,HKG,3.42,HKD,2067600000,CNY,1.1307796824,0.0,1640908800000,12226840000.0,11095567000.0,3020552000.0,207839000.0,283000.0,409000.0,409000.0,9191446000.0,0.0,3423532000.0,2000000000.0,0.0,0.0,27568000.0,899024000.0,5933482000.0,3461062000.0,1698452000.0,9724000.0,601700000.0
1412.HK,Q P GROUP,HKG,1.38,HKD,532000000,HKD,1,0.0,1640908800000,1192865000.0,567487000.0,370775000.0,99942000.0,2929000.0,221000.0,221000.0,811418000.0,0.0,134137000.0,0.0,2135000.0,0.0,3888000.0,544891000.0,1389759000.0,959651000.0,321095000.0,1725000.0,119042000.0
1425.HK,JUSTIN ALLEN H,HKG,0.62,HKD,1250000000,HKD,1,0.036000000000000004,1640908800000,903935000.0,701258000.0,389441000.0,13037000.0,3677000.0,9153000.0,9153000.0,505341000.0,0.0,149479000.0,179009000.0,0.0,0.0,0.0,197322000.0,1181603000.0,871139000.0,118868000.0,4889000.0,158316000.0
1431.HK,YST DAIRY,HKG,0.23500000000000001,HKD,4690500096,CNY,1.1307796824,0.0,1640908800000,7124509000.0,1289275000.0,1268044000.0,94998000.0,19798000.0,355220000.0,88820000.0,5108837000.0,0.0,893452000.0,0.0,120793000.0,0.0,0.0,3563198000.0,1776538000.0,1297213000.0,116234000.0,3532000.0,156990000.0
1448.HK,FU SHOU YUAN,HKG,7.16,HKD,2319859968,CNY,1.1307796824,0.0,1640908800000,7396744000.0,3015433000.0,942682000.0,41852000.0,16079000.0,40077000.0,40077000.0,5780193000.0,0.0,1360344000.0,611895000.0,6509000.0,137877000.0,38110000.0,699035000.0,2325848000.0,316448000.0,241629000.0,7246000.0,720033000.0
1458.HK,ZHOU HEI YA,HKG,5.62,HKD,2317730048,CNY,1.1307796824,0.0,1640908800000,6574249000.0,3674230000.0,1026178000.0,509946000.0,199946000.0,1362235000.0,187499000.0,4030784000.0,0.0,628815000.0,2531214000.0,0.0,579632000.0,122500000.0,1954197000.0,2869963000.0,1211570000.0,1394529000.0,60073000.0,369781000.0
1469.HK,GET NICE FIN,HKG,0.79,HKD,2500000000,HKD,1,0.0,1648684800000,4807026000.0,4716321000.0,468530000.0,7107000.0,7107000.0,3578000.0,3578000.0,4334802000.0,0.0,1565605000.0,115000.0,0.0,0.0,0.0,27387000.0,354827000.0,24544000.0,12678000.0,763000.0,466867000.0
1475.HK,NISSIN FOODS,HKG,6.71,HKD,1043689984,HKD,1,0.1438568946,1640908800000,5001891000.0,2925507000.0,972761000.0,7353000.0,7353000.0,2335000.0,2335000.0,3946940000.0,0.0,1577834000.0,229127000.0,0.0,116000.0,34143000.0,1795022000.0,3866335000.0,2639016000.0,769862000.0,365000.0,303821000.0
1483.HK,NET-A-GO TECH,HKG,1.1,HKD,795000000,HKD,1,0.0,1640908800000,845292000.0,511236000.0,160252000.0,13897000.0,609000.0,3340000.0,3340000.0,642211000.0,0.0,231341000.0,68928000.0,98816000.0,0.0,0.0,58387000.0,332047000.0,250195000.0,71434000.0,64000.0,37615000.0
1502.HK,FIN STREET PPT,HKG,2.8,HKD,103500000,CNY,1.1307796824,0.0,1640908800000,1924413000.0,1793758000.0,739426000.0,22644000.0,22644000.0,28748000.0,28748000.0,1150739000.0,0.0,1361711000.0,23741000.0,9662000.0,15273000.0,0.0,76717000.0,1320480000.0,1057745000.0,82226000.0,2358000.0,137717000.0
1516.HK,SUNAC SERVICES,HKG,4.69,HKD,3056839936,CNY,1.1307796824,0.0,1640908800000,11925662000.0,8249145000.0,4219264000.0,32062000.0,32062000.0,79492000.0,79492000.0,7494947000.0,0.0,3916103000.0,138471000.0,47920000.0,83480000.0,478201000.0,185425000.0,7903674000.0,5412704000.0,817920000.0,7016000.0,1276326000.0
1543.HK,JOIN-SHARE,HKG,1.6,HKD,554363008,CNY,1.1307796824,0.195734561,1640908800000,3473261000.0,0.0,0.0,0.0,0.0,409004000.0,0.0,2297439000.0,0.0,704159000.0,0.0,0.0,34068000.0,0.0,22594000.0,318703000.0,0.0,0.0,26154000.0,81987000.0
1586.HK,LEON INSPECTION,HKG,1.29,HKD,487860992,HKD,1,0.0,1640908800000,697443000.0,371099000.0,193758000.0,97258000.0,10776000.0,26496000.0,26496000.0,472780000.0,0.0,183342000.0,0.0,19009000.0,0.0,7685000.0,258998000.0,818828000.0,472437000.0,211084000.0,3745000.0,49836000.0
1651.HK,TSUGAMI CHINA,HKG,7.27,HKD,380804000,CNY,1.1307796824,0.0,1648684800000,3473524000.0,2831852000.0,983884000.0,1996000.0,1996000.0,1890000.0,1890000.0,2390402000.0,0.0,550576000.0,0.0,0.0,2800000.0,0.0,610318000.0,4419887000.0,3246858000.0,258641000.0,2141000.0,667404000.0
1689.HK,HUAXIHOLDINGS,HKG,1.55,HKD,701430016,HKD,1,0.0,1640908800000,635853000.0,536385000.0,201074000.0,52237000.0,2145000.0,1106000.0,1106000.0,423443000.0,0.0,88715000.0,60875000.0,0.0,0.0,0.0,88202000.0,404559000.0,288860000.0,50642000.0,119000.0,36996000.0
1731.HK,PROSPEROUS IND,HKG,0.68,HKD,1120000000,USD,7.813371266,0.0,1640908800000,184876000.0,139703000.0,39548000.0,2011000.0,2011000.0,3797000.0,3797000.0,139746000.0,0.0,44304000.0,4289000.0,9864000.0,0.0,2000.0,33887000.0,146673000.0,115406000.0,28372000.0,546000.0,3902000.0
1753.HK,DUIBA,HKG,0.75,HKD,1076819968,CNY,1.1307796824,0.0,1640908800000,1554573000.0,1346142000.0,293890000.0,5515000.0,5515000.0,838000.0,838000.0,1259400000.0,0.0,232457000.0,886539000.0,0.0,122188000.0,0.0,18596000.0,1312476000.0,941991000.0,418424000.0,353000.0,-11773000.0
1761.HK,BABYTREE GROUP,HKG,0.26,HKD,1660710016,CNY,1.1307796824,0.0,1640908800000,1930063000.0,1636643000.0,151801000.0,15650000.0,15650000.0,13214000.0,13214000.0,1764933000.0,0.0,1044691000.0,418008000.0,0.0,36159000.0,178045000.0,35863000.0,281823000.0,111103000.0,503688000.0,1245000.0,-387099000.0
1786.HK,CRCCE,HKG,0.68,HKD,531900000,CNY,1.1307796824,0.0,1640908800000,8286095721.85,5990945744.9,2385534881.75,919764256.79,0.0,0.0,0.0,5864477133.29,0.0,1408233905.46,0.0,0.0,0.0,578657333.33,1280307389.41,2185945979.0,1640942446.77,166760011.48,0.0,50376153.58
1836.HK,STELLA HOLDINGS,HKG,7.54,HKD,793977984,USD,7.813371266,0.0269642237,1640908800000,1297881000.0,747971000.0,263025000.0,4564000.0,4317000.0,20368000.0,13207000.0,1014488000.0,0.0,76371000.0,48000.0,3810000.0,39788000.0,10000000.0,490844000.0,1540608000.0,1223761000.0,209404000.0,366000.0,89694000.0
1837.HK,NATURAL FOOD IH,HKG,0.48,HKD,2188509952,CNY,1.1307796824,0.0,1640908800000,1425678000.0,1010122000.0,231877000.0,6790000.0,6790000.0,7984000.0,7984000.0,1176565000.0,0.0,660933000.0,0.0,0.0,0.0,0.0,354392000.0,1610322000.0,471876000.0,1036004000.0,821000.0,86531000.0
1868.HK,NEO-NEON,HKG,0.44,HKD,2094470016,CNY,1.1307796824,0.0,1640908800000,1716359000.0,1303349000.0,250716000.0,78633000.0,11519000.0,30589000.0,30589000.0,1424370000.0,0.0,681298000.0,16061000.0,69160000.0,0.0,135582000.0,87165000.0,863857000.0,628453000.0,263203000.0,3903000.0,-272178000.0
1896.HK,MAOYAN ENT,HKG,9.4,HKD,1143960064,CNY,1.1307796824,0.0,1640908800000,10669711000.0,5281543000.0,2363383000.0,385389000.0,1719000.0,0.0,0.0,8186531000.0,0.0,1923574000.0,459976000.0,0.0,47024000.0,311704000.0,22491000.0,3323415000.0,1481184000.0,1032715000.0,31289000.0,368502000.0
1925.HK,KWUNGS HOLDINGS,HKG,1.32,HKD,405041984,CNY,1.1307796824,0.0,1640908800000,635230000.0,564717000.0,240225000.0,124378000.0,2051000.0,218000.0,218000.0,394787000.0,0.0,248428000.0,0.0,7765000.0,0.0,0.0,56837000.0,631395000.0,510269000.0,75384000.0,691000.0,49000000.0
1935.HK,JH EDUCATION,HKG,1.37,HKD,1600829952,CNY,1.1307796824,0.0934540235,1640908800000,2926392000.0,1001980000.0,201219000.0,50390000.0,390000.0,21000.0,21000.0,2689371000.0,0.0,989298000.0,0.0,118800000.0,0.0,0.0,1684350000.0,684596000.0,263919000.0,48916000.0,18000.0,326036000.0
1945.HK,ZERO2IPO,HKG,2.9,HKD,307006016,CNY,1.1307796824,0.0,1640908800000,630547000.0,587374000.0,120047000.0,7918000.0,7918000.0,2720000.0,2720000.0,497119000.0,0.0,390704000.0,140797000.0,0.0,1699000.0,0.0,20680000.0,207893000.0,108772000.0,73974000.0,1090000.0,11467000.0
1970.HK,IMAX CHINA,HKG,8.37,HKD,340348992,USD,7.813371266,0.0,1640908800000,327553000.0,171642000.0,58965000.0,292000.0,292000.0,0.0,0.0,232386000.0,0.0,76961000.0,0.0,0.0,0.0,0.0,91064000.0,112801000.0,44613000.0,4045000.0,458000.0,38217000.0
1971.HK,RSUN SER,HKG,2.5300000000000002,HKD,415000000,CNY,1.1307796824,0.0,1640908800000,1512459000.0,1149378000.0,552258000.0,14573000.0,1389000.0,50712000.0,0.0,879651000.0,0.0,721869000.0,0.0,0.0,0.0,0.0,20612000.0,1129974000.0,809569000.0,136067000.0,19000.0,127955000.0
1980.HK,TIANGE,HKG,0.56,HKD,1267910016,CNY,1.1307796824,0.0,1640908800000,3465257000.0,1604044000.0,603707000.0,440643000.0,4005000.0,1984000.0,1984000.0,2830561000.0,0.0,669452000.0,826424000.0,59890000.0,45189000.0,1505781000.0,140252000.0,210530000.0,49835000.0,195076000.0,4247000.0,128828000.0
1981.HK,CATHAY EDU,HKG,1.3599999999999999,HKD,1622940032,CNY,1.1307796824,0.0,1640908800000,3032316000.0,1777676000.0,261477000.0,0.0,0.0,0.0,0.0,2770021000.0,0.0,550301000.0,56125000.0,0.0,0.0,56861000.0,1118407000.0,578051000.0,301879000.0,109559000.0,823000.0,57527000.0
1995.HK,CIFI ES SERVICE,HKG,5.17,HKD,1749219968,CNY,1.1307796824,0.0,1640908800000,7857220000.0,5793959000.0,2845598000.0,33094000.0,8990000.0,11009000.0,6220000.0,4877750000.0,0.0,3854251000.0,19251000.0,54994000.0,0.0,0.0,113354000.0,4702816000.0,3402951000.0,464920000.0,3486000.0,617014000.0
2008.HK,PHOENIX TV,HKG,0.34500000000000003,HKD,4993659904,HKD,1,0.0,1640908800000,8137032000.0,4780475000.0,2515243000.0,663294000.0,187987000.0,646936000.0,610915000.0,4820686000.0,0.0,1107070000.0,1555305000.0,1408253000.0,124223000.0,0.0,1601023000.0,3159240000.0,2936930000.0,869600000.0,43970000.0,-456201000.0
2033.HK,TIME WATCH,HKG,0.4,HKD,2058070016,HKD,1,0.0,1656547200000,2937364000.0,1599917000.0,236279000.0,26511000.0,10816000.0,14655000.0,14655000.0,2611612000.0,0.0,840498000.0,129908000.0,126840000.0,11467000.0,652607000.0,487565000.0,1408092000.0,385810000.0,1027056000.0,850000.0,33020000.0
2100.HK,BAIOO,HKG,0.455,HKD,2822840064,CNY,1.1307796824,0.0,1640908800000,1946988000.0,1562172000.0,260080000.0,18373000.0,18373000.0,45101000.0,45101000.0,1629719000.0,0.0,1174631000.0,295000000.0,0.0,0.0,5000000.0,318442000.0,883908000.0,483349000.0,196585000.0,4494000.0,26435000.0
2101.HK,FULU HOLDINGS,HKG,5.07,HKD,406467008,CNY,1.1307796824,0.2605057678,1640908800000,1436240000.0,1386579000.0,278290000.0,66426000.0,6426000.0,10893000.0,10893000.0,1147057000.0,0.0,267974000.0,26603000.0,0.0,40000.0,0.0,19939000.0,399283000.0,104039000.0,218538000.0,660000.0,68222000.0
2119.HK,TSIT WING INTL,HKG,0.91,HKD,720732032,HKD,1,0.0,1640908800000,720754000.0,508140000.0,132649000.0,23492000.0,11231000.0,8492000.0,8492000.0,572586000.0,0.0,232726000.0,0.0,0.0,0.0,0.0,209334000.0,766793000.0,467815000.0,195776000.0,864000.0,80244000.0
2125.HK,STRAWBEAR ENT,HKG,1.06,HKD,696628992,CNY,1.1307796824,0.0,1640908800000,2895950000.0,2744589000.0,1053084000.0,383588000.0,3052000.0,2549000.0,2549000.0,1833821000.0,0.0,253532000.0,0.0,0.0,12982000.0,0.0,10512000.0,1703064000.0,1186879000.0,283931000.0,22008000.0,169249000.0
2127.HK,HUISEN INTL,HKG,0.30000000000000004,HKD,3069090048,CNY,1.1307796824,0.0,1640908800000,5721510000.0,4668458000.0,585974000.0,294707000.0,1031000.0,115032000.0,1032000.0,5020504000.0,0.0,2773487000.0,800000000.0,0.0,0.0,0.0,1006060000.0,5139157000.0,3839952000.0,204037000.0,36766000.0,888067000.0
2150.HK,NAYUKI,HKG,7.75,HKD,1715129984,CNY,1.1307796824,0.0,1640908800000,7070448000.0,4331459000.0,1196531000.0,465108000.0,465108000.0,992606000.0,992606000.0,4860220000.0,0.0,3721623000.0,135113000.0,0.0,0.0,0.0,2459750000.0,4296618000.0,2825032000.0,415683000.0,91547000.0,-4524506000.0
2180.HK,MANPOWER GRC,HKG,6.77,HKD,207504992,CNY,1.1307796824,0.0,1640908800000,2080861000.0,1826222000.0,664825000.0,20155000.0,20155000.0,19054000.0,19054000.0,1373335000.0,0.0,686902000.0,406055000.0,0.0,28139000.0,9705000.0,53843000.0,3968874000.0,3330640000.0,448634000.0,2851000.0,139169000.0
2205.HK,KANGQIAO SER,HKG,0.92,HKD,700000000,CNY,1.1307796824,0.0,1640908800000,1179668000.0,1024709000.0,415543000.0,6846000.0,6846000.0,3792000.0,3792000.0,742969000.0,0.0,513433000.0,49299000.0,2987000.0,1385000.0,0.0,16198000.0,783567000.0,579715000.0,77044000.0,8395000.0,83885000.0
2218.HK,ANDRE JUICE,HKG,6.2,HKD,357700000,CNY,1.1307796824,0.0,1640908800000,2545930772.28,1748330820.41,231516870.57,100058819.45,0.0,0.0,0.0,2305985828.21,0.0,518987708.58,664305372.3,0.0,0.0,6000000.0,672270928.27,871587320.36,691914568.76,13802746.61,534324.67,160014984.91
2232.HK,CRYSTAL INTL,HKG,2.5300000000000002,HKD,2852819968,USD,7.813371266,0.0,1640908800000,1978287000.0,1097316000.0,611465000.0,129419000.0,11877000.0,23779000.0,23779000.0,1308084000.0,0.0,413724000.0,0.0,0.0,16216000.0,0.0,710962000.0,2341432000.0,1893822000.0,232851000.0,7416000.0,163106000.0
2265.HK,HC ENV TECH,HKG,0.59,HKD,1000000000,CNY,1.1307796824,0.0,1640908800000,676948000.0,228259000.0,126117000.0,22580000.0,600000.0,26962000.0,162000.0,416979000.0,0.0,109844000.0,3600000.0,127398000.0,0.0,0.0,193784000.0,257043000.0,90429000.0,42152000.0,6007000.0,85613000.0
2327.HK,MEILLEUREHEALTH,HKG,0.295,HKD,4094550016,HKD,1,0.0,1640908800000,1727541000.0,903973000.0,112920000.0,71108000.0,1646000.0,183745000.0,4870000.0,1354031000.0,0.0,138855000.0,18461000.0,580112000.0,111470000.0,69020000.0,13362000.0,253031000.0,152102000.0,42662000.0,8385000.0,60323000.0
2660.HK,ZENGAME,HKG,1.7000000000000002,HKD,1027980032,CNY,1.1307796824,0.0,1640908800000,1676128000.0,1603986000.0,196761000.0,6381000.0,6381000.0,1747000.0,1747000.0,1464237000.0,0.0,709869000.0,579982000.0,0.0,14358000.0,32940000.0,15702000.0,1473958000.0,568583000.0,240425000.0,637000.0,500343000.0
2686.HK,AAG ENERGY,HKG,1.6600000000000001,HKD,3395120128,CNY,1.1307796824,0.10341902110000001,1640908800000,8417693000.0,3154332000.0,1117430000.0,10424000.0,10424000.0,44845000.0,44845000.0,6938317000.0,0.0,2040414000.0,0.0,0.0,243612000.0,31378000.0,4820111000.0,1739226000.0,680167000.0,0.0,3707000.0,815679000.0
2698.HK,WEIQIAO TEXTILE,HKG,1.62,HKD,413619008,CNY,1.1307796824,0.0,1640908800000,24861010000.0,15642206000.0,6192735000.0,2459038000.0,13788000.0,324908000.0,28908000.0,18228464000.0,0.0,10781134000.0,0.0,77653000.0,76826000.0,0.0,8922746000.0,16262686000.0,14960785000.0,573680000.0,116306000.0,614187000.0
2779.HK,CH XINHUA EDU,HKG,1.06,HKD,1608579968,CNY,1.1307796824,0.0,1640908800000,3944440000.0,2368089000.0,329846000.0,50020000.0,0.0,479035000.0,0.0,3135559000.0,0.0,207279000.0,0.0,0.0,0.0,0.0,574383000.0,565386000.0,195254000.0,78422000.0,17413000.0,354482000.0
3319.HK,A-LIVING,HKG,10.3,HKD,1420000000,CNY,1.1307796824,0.0,1640908800000,21681688000.0,14320497000.0,7758979000.0,108801000.0,36689000.0,29378000.0,20326000.0,13417624000.0,0.0,3996887000.0,2011508000.0,253565000.0,1137026000.0,24542000.0,602924000.0,14080089000.0,10211343000.0,919766000.0,24888000.0,2308458000.0
3339.HK,LONKING,HKG,1.42,HKD,4280100096,CNY,1.1307796824,0.0,1640908800000,15820380000.0,11859406000.0,5559540000.0,7159000.0,7159000.0,682452000.0,37000.0,9524436000.0,0.0,2527699000.0,1679351000.0,0.0,0.0,609579000.0,2283881000.0,13690520000.0,11233102000.0,951055000.0,10209000.0,1275383000.0
3389.HK,HENGDELI,HKG,0.275,HKD,4404020224,CNY,1.1307796824,0.0,1640908800000,3512444000.0,2255850000.0,201647000.0,63676000.0,11891000.0,31937000.0,6379000.0,3278416000.0,0.0,1021392000.0,34377000.0,128535000.0,106985000.0,455859000.0,508986000.0,992962000.0,879095000.0,183614000.0,3109000.0,26282000.0
3398.HK,CHINA TING,HKG,0.325,HKD,2099820032,HKD,1,0.0,1640908800000,3784436000.0,2327386000.0,1104516000.0,242294000.0,8035000.0,11360000.0,11360000.0,2532039000.0,0.0,487231000.0,219417000.0,847266000.0,9001000.0,0.0,487962000.0,1609266000.0,1475386000.0,479128000.0,2596000.0,-333295000.0
3658.HK,NEW HOPE SERV,HKG,1.45,HKD,814126016,CNY,1.1307796824,0.0,1640908800000,1696253000.0,1337849000.0,560838000.0,6436000.0,6436000.0,61519000.0,61519000.0,1055939000.0,0.0,965311000.0,0.0,105961000.0,2482000.0,30000.0,12389000.0,924970000.0,548280000.0,176367000.0,3387000.0,165894000.0
3686.HK,CLIFFORDML,HKG,0.5,HKD,1015750016,CNY,1.1307796824,0.0,1640908800000,811831000.0,692358000.0,154343000.0,14259000.0,14259000.0,52415000.0,52415000.0,598343000.0,0.0,393155000.0,185689000.0,15911000.0,0.0,0.0,56290000.0,430836000.0,236209000.0,68147000.0,2188000.0,81124000.0
3700.HK,INKEVERSE,HKG,1.22,HKD,2006960000,CNY,1.1307796824,0.0,1640908800000,4883174000.0,3467591000.0,857397000.0,32242000.0,32242000.0,132998000.0,132998000.0,3873173000.0,0.0,2163185000.0,811731000.0,204050000.0,461858000.0,368798000.0,183790000.0,9175595000.0,5870496000.0,2455575000.0,8850000.0,415381000.0
3798.HK,HOMELAND ITL,HKG,1.49,HKD,1283399936,CNY,1.1307796824,0.0,1640908800000,2045940000.0,1675698000.0,220187000.0,10871000.0,10871000.0,11897000.0,11897000.0,1813856000.0,0.0,1193791000.0,0.0,0.0,147339000.0,14390000.0,72182000.0,1287722000.0,328894000.0,416611000.0,1060000.0,500713000.0
3818.HK,CHINA DONGXIANG,HKG,0.355,HKD,5887560192,CNY,1.1307796824,0.0,1648684800000,10356791000.0,4892034000.0,676680000.0,83700000.0,42551000.0,22873000.0,22873000.0,9354131000.0,0.0,2602990000.0,1300952000.0,0.0,18164000.0,4284077000.0,215965000.0,1915735000.0,793560000.0,1375234000.0,11387000.0,-1746944000.0
3838.HK,CHINA STARCH,HKG,0.22,HKD,5994129920,CNY,1.1307796824,0.0,1640908800000,5157297000.0,2654513000.0,1061418000.0,189504000.0,121000.0,3000000.0,0.0,3734071000.0,0.0,792185000.0,6513000.0,0.0,9564000.0,0.0,2420684000.0,11639315000.0,10687104000.0,195607000.0,7105000.0,345597000.0
3913.HK,KWG LIVING,HKG,1.9,HKD,2025859968,CNY,1.1307796824,0.0,1640908800000,7524681000.0,4843073000.0,3072757000.0,161921000.0,5198000.0,512261000.0,5269000.0,3777753000.0,0.0,1520133000.0,0.0,6300000.0,13254000.0,0.0,101592000.0,3255446000.0,2029338000.0,337971000.0,261000.0,674843000.0
3983.HK,CHINA BLUECHEM,HKG,1.8900000000000001,HKD,1771000064,CNY,1.1307796824,0.2082439225,1640908800000,22031461000.0,13942922000.0,3507177000.0,645852000.0,12972000.0,994105000.0,12401000.0,17088545000.0,0.0,864750000.0,10520948000.0,83539000.0,322640000.0,600000.0,7083406000.0,13398008000.0,10461599000.0,660807000.0,50559000.0,1497598000.0
3999.HK,DACHAN FOOD,HKG,0.5700000000000001,HKD,1016190016,CNY,1.1307796824,0.0,1640908800000,3477799000.0,1985637000.0,842056000.0,143326000.0,3387000.0,328261000.0,27634000.0,2299546000.0,0.0,599347000.0,0.0,54987000.0,68719000.0,1948000.0,1025942000.0,6530905000.0,5869121000.0,541941000.0,12575000.0,155473000.0
6100.HK,TONGDAO LIEPIN,HKG,9.7,HKD,523791008,CNY,1.1307796824,0.0,1640908800000,4855422000.0,1485349000.0,1375563000.0,64618000.0,53538000.0,62229000.0,62229000.0,3395101000.0,0.0,406490000.0,15000000.0,24460000.0,9111000.0,208988000.0,174193000.0,2651468000.0,584336000.0,1579578000.0,6944000.0,134425000.0
6117.HK,RIZHAO PORT JR,HKG,0.58,HKD,820000000,CNY,1.1307796824,0.0,1640908800000,2850278000.0,814991000.0,96443000.0,13583000.0,13583000.0,227542000.0,227542000.0,2506162000.0,0.0,804092000.0,0.0,291334000.0,0.0,0.0,1738471000.0,758421000.0,500081000.0,19162000.0,22245000.0,168296000.0
6601.HK,CHEERWIN GP,HKG,1.78,HKD,1333330048,CNY,1.1307796824,0.0440003584,1640908800000,3242208000.0,2838788000.0,421758000.0,6810000.0,6810000.0,12866000.0,12866000.0,2804928000.0,0.0,881326000.0,1545717000.0,0.0,0.0,135224000.0,195946000.0,1769157000.0,981731000.0,715420000.0,1613000.0,92093000.0
6608.HK,BAIRONG-W,HKG,10.94,HKD,423278016,CNY,1.1307796824,0.0,1640908800000,4851105000.0,2864193000.0,573159000.0,59802000.0,34802000.0,52344000.0,52344000.0,4215010000.0,0.0,1168823000.0,987213000.0,0.0,9788000.0,117209000.0,114822000.0,1623464000.0,428836000.0,838751000.0,8607000.0,-3603016000.0
6616.HK,GLOBAL NEW MAT,HKG,4,HKD,1191760000,CNY,1.1307796824,0.0,1640908800000,2740182000.0,2042680000.0,279470000.0,160896000.0,605000.0,1111000.0,1111000.0,2453430000.0,0.0,1644188000.0,0.0,0.0,0.0,0.0,696312000.0,669727000.0,335104000.0,136556000.0,11438000.0,162026000.0
6626.HK,YUEXIU SERVICES,HKG,3.96,HKD,1522029952,CNY,1.1307796824,0.059264930900000005,1640908800000,5597178000.0,5095079000.0,1846017000.0,28470000.0,28470000.0,32967000.0,32967000.0,3177709000.0,0.0,4149579000.0,0.0,0.0,1099000.0,31629000.0,102207000.0,1918378000.0,1247545000.0,161454000.0,3421000.0,359536000.0
6663.HK,IWS GROUP,HKG,0.46,HKD,800000000,HKD,1,0.0,1648684800000,287823000.0,276844000.0,85726000.0,884000.0,884000.0,78000.0,78000.0,202019000.0,0.0,115046000.0,0.0,0.0,0.0,0.0,2354000.0,537371000.0,0.0,20938000.0,116000.0,56570000.0
6668.HK,E-STAR CM,HKG,2.14,HKD,1019120000,CNY,1.1307796824,0.0,1640908800000,2109797000.0,1378670000.0,278569000.0,3889000.0,3889000.0,670761000.0,670761000.0,1159461000.0,0.0,630018000.0,682875000.0,657537000.0,0.0,0.0,38810000.0,572209000.0,241777000.0,87890000.0,3869000.0,184924000.0
6677.HK,SINO-OCEAN SERV,HKG,2.45,HKD,1184000000,CNY,1.1307796824,0.0,1640908800000,4218884000.0,3831047000.0,1557386000.0,5955000.0,5955000.0,12757000.0,12757000.0,2606966000.0,0.0,2473890000.0,0.0,0.0,127391000.0,0.0,47716000.0,2965559000.0,2140724000.0,308938000.0,1436000.0,439020000.0
6820.HK,FRIENDTIMES,HKG,0.97,HKD,2180849920,CNY,1.1307796824,0.0,1640908800000,1471158000.0,905087000.0,80385000.0,565000.0,565000.0,0.0,0.0,1385499000.0,0.0,383155000.0,385939000.0,0.0,8423000.0,92457000.0,281179000.0,1616137000.0,526709000.0,522674000.0,49000.0,275483000.0
6822.HK,KING'S FLAIR,HKG,0.85,HKD,700000000,HKD,1,0.0,1640908800000,900961000.0,634770000.0,244165000.0,103660000.0,5965000.0,5291000.0,5291000.0,647971000.0,0.0,239692000.0,23959000.0,138900000.0,20626000.0,911000.0,80305000.0,1301652000.0,1012137000.0,176407000.0,1406000.0,94907000.0
6858.HK,HONMAGOLF,HKG,3.32,HKD,605641984,JPY,0.059734648,3.2034123315,1648684800000,44215230000.0,35706753000.0,15298296000.0,7377754000.0,987754000.0,1816827000.0,1216827000.0,26300320000.0,0.0,17038061000.0,0.0,0.0,0.0,0.0,5628059000.0,28971099000.0,13285472000.0,5311619000.0,66414000.0,6191197000.0
6896.HK,GOLDEN THROAT,HKG,1.92,HKD,739302016,CNY,1.1307796824,0.0499105903,1640908800000,1824627000.0,1319196000.0,509395000.0,305814000.0,203000.0,0.0,0.0,1314224000.0,0.0,831579000.0,40000000.0,0.0,0.0,0.0,490280000.0,820543000.0,242807000.0,364788000.0,7975000.0,187643000.0
6909.HK,BETTERLIFE HLDG,HKG,3.4,HKD,622499968,CNY,1.1307796824,0.0,1640908800000,5043368000.0,2670458000.0,1609114000.0,509829000.0,35649000.0,290359000.0,290359000.0,2800471000.0,0.0,1023761000.0,0.0,63945000.0,0.0,0.0,971372000.0,9962870000.0,8784352000.0,639201000.0,19609000.0,456030000.0
6913.HK,SCVE GROUP,HKG,1.58,HKD,1334000000,CNY,1.1307796824,0.0,1640908800000,2150399000.0,467450000.0,293441000.0,105297000.0,23925000.0,280209000.0,118054000.0,1487931000.0,0.0,282492000.0,114469000.0,52735000.0,0.0,0.0,1608806000.0,499621000.0,298007000.0,113204000.0,17760000.0,153938000.0
6919.HK,RENRUI HR,HKG,4.46,HKD,156700000,CNY,1.1307796824,0.0,1640908800000,1697094000.0,1168044000.0,416237000.0,26318000.0,26318000.0,36481000.0,36481000.0,1238287000.0,0.0,480658000.0,117124000.0,0.0,28543000.0,43335000.0,87177000.0,4739146000.0,4487357000.0,165830000.0,4865000.0,101667000.0
6988.HK,JOY SPREADER,HKG,1.57,HKD,2319689984,HKD,1,0.0,1640908800000,2988230000.0,2774694000.0,56559000.0,12749000.0,12749000.0,31110000.0,31110000.0,2881965000.0,0.0,985494000.0,15702000.0,0.0,36388000.0,46776000.0,105687000.0,1395894000.0,944041000.0,116788000.0,1005000.0,244642000.0
6989.HK,EXCELLENCE CM,HKG,4.02,HKD,1220349952,CNY,1.1307796824,0.0,1640908800000,5586363000.0,4971408000.0,1752559000.0,14201000.0,14201000.0,113863000.0,113863000.0,3658894000.0,0.0,3407296000.0,0.0,107040000.0,19984000.0,0.0,49191000.0,3467066000.0,2507439000.0,221989000.0,20705000.0,510088000.0
8005.HK,YUXING INFOTECH,HKG,0.23,HKD,2487699968,HKD,1,0.0,1640908800000,2457182000.0,1095061000.0,412127000.0,41704000.0,4696000.0,2139000.0,2139000.0,2020650000.0,0.0,319392000.0,174410000.0,887236000.0,0.0,84427000.0,301099000.0,171682000.0,137868000.0,113882000.0,317000.0,-172495000.0
8032.HK,VIVA CHINA,HKG,1.1400000000000001,HKD,9680079872,HKD,1,0.0,1640908800000,8808218000.0,3591412000.0,897633000.0,141384000.0,124314000.0,361872000.0,361872000.0,7488051000.0,0.0,2399533000.0,545712000.0,93800000.0,4058140000.0,8409000.0,465183000.0,1381637000.0,809255000.0,1075167000.0,37049000.0,4562639000.0
8137.HK,HONBRIDGE,HKG,0.36,HKD,9737430016,HKD,1,0.0,1640908800000,7645715000.0,556869000.0,230511000.0,139703000.0,1249000.0,138230000.0,5165000.0,4901937000.0,0.0,385755000.0,78624000.0,0.0,5794000.0,6906000.0,7076146000.0,478917000.0,363791000.0,105819000.0,8780000.0,88500000.0
8479.HK,JTF INTL,HKG,0.55,HKD,930000000,CNY,1.1307796824,0.0,1640908800000,456282000.0,430650000.0,46978000.0,711000.0,711000.0,3772000.0,3772000.0,389128000.0,0.0,106637000.0,0.0,0.0,0.0,0.0,20668000.0,2043377000.0,1952644000.0,34145000.0,224000.0,37086000.0
9666.HK,JINKE SERVICES,HKG,15.14,HKD,652848000,CNY,1.1307796824,0.5004472710000001,1640908800000,10409538000.0,8850927000.0,2502246000.0,34897000.0,34897000.0,212764000.0,212764000.0,7621240000.0,0.0,3936237000.0,0.0,0.0,48327000.0,51000000.0,587466000.0,5968448000.0,4122014000.0,484361000.0,1591000.0,1057182000.0
9699.HK,SF INTRA-CITY,HKG,7.5,HKD,231340992,CNY,1.1307796824,0.0,1640908800000,4010427000.0,3357339000.0,828595000.0,19115000.0,19115000.0,16329000.0,16329000.0,3165503000.0,0.0,1741719000.0,551546000.0,0.0,0.0,266369000.0,49202000.0,8173953000.0,8079144000.0,925480000.0,7630000.0,-898851000.0
9899.HK,CLOUD MUSIC,HKG,85.8,HKD,209600992,CNY,1.1307796824,0.0,1640908800000,9889339000.0,9382880000.0,2333320000.0,2209000.0,2209000.0,6745000.0,6745000.0,7495533000.0,0.0,1858716000.0,5872475000.0,0.0,90393000.0,0.0,57627000.0,6997622000.0,6854948000.0,695528000.0,0.0,-2056092000.0
9982.HK,CENTRALCHINA MT,HKG,0.68,HKD,3282660096,CNY,1.1307796824,0.07183594800000001,1640908800000,2723630000.0,2679400000.0,466967000.0,3774000.0,3774000.0,795000.0,795000.0,2255868000.0,0.0,2045291000.0,0.0,0.0,2230000.0,4182000.0,14016000.0,1301449000.0,0.0,19711000.0,413000.0,770155000.0
9983.HK,CC NEW LIFE,HKG,3.3,HKD,1278729984,CNY,1.1307796824,0.2665402425,1640908800000,5043390000.0,4560562000.0,1858739000.0,77579000.0,26623000.0,39857000.0,15064000.0,3009618000.0,0.0,1969461000.0,38298000.0,0.0,5809000.0,11608000.0,81257000.0,3598918000.0,2415696000.0,286758000.0,3453000.0,619559000.0
9986.HK,DASHAN EDU,HKG,1.78,HKD,800000000,CNY,1.1307796824,0.0,1640908800000,274536000.0,236362000.0,23635000.0,2656000.0,2656000.0,5623000.0,5623000.0,245278000.0,0.0,189765000.0,23758000.0,4898000.0,0.0,0.0,31330000.0,352874000.0,235440000.0,74125000.0,7174000.0,-56423000.0
9990.HK,ARCHOSAUR GAMES,HKG,4.3,HKD,800022976,CNY,1.1307796824,0.0,1640908800000,3281523000.0,2573984000.0,208381000.0,40008000.0,40008000.0,83178000.0,83178000.0,2968673000.0,0.0,1321443000.0,970672000.0,0.0,84647000.0,336936000.0,154522000.0,920827000.0,207296000.0,345116000.0,7369000.0,-303325000.0
